Timestamp,Open,High,Low,Close
2023-11-02T20:45:00Z,217.3222,217.6,216.3,216.6
2023-11-02T21:00:00Z,216.67,217.48,216.67,217.086
2023-11-02T21:15:00Z,217,217.0994,215.8,215.98
2023-11-02T21:30:00Z,215.8846,216,213.7443,215.12
2023-11-02T21:45:00Z,215.17,215.48,214.35,215
2023-11-02T22:00:00Z,215,215.92,214.9214,215.4
2023-11-02T22:15:00Z,215.33,216.05,215.3,215.85
2023-11-02T22:30:00Z,215.96,216.63,215.91,216.4362
2023-11-02T22:45:00Z,216.5,216.5,216.1,216.2163
2023-11-02T23:00:00Z,216.35,216.67,216.32,216.4899
2023-11-02T23:15:00Z,216.42,216.49,216.03,216.28
2023-11-02T23:30:00Z,216.38,216.86,216.36,216.63
2023-11-02T23:45:00Z,216.61,217.35,216.53,217.09
2023-11-03T08:00:00Z,217.15,217.37,216.79,217.11
2023-11-03T08:15:00Z,217.11,217.41,216.7,216.7
2023-11-03T08:30:00Z,216.63,216.63,216.2,216.39
2023-11-03T08:45:00Z,216.4,216.4,216.16,216.33
2023-11-03T09:00:00Z,216.3,216.3,215.54,215.6
2023-11-03T09:15:00Z,215.59,216.2,215.51,216.11
2023-11-03T09:30:00Z,216.15,216.2,216,216.1
2023-11-03T09:45:00Z,216.03,216.49,216.03,216.49
2023-11-03T10:00:00Z,216.38,216.56,216.3,216.56
2023-11-03T10:15:00Z,216.53,216.94,216.53,216.89
2023-11-03T10:30:00Z,216.87,216.87,216.69,216.75
2023-11-03T10:45:00Z,216.71,216.81,216.61,216.61
2023-11-03T11:00:00Z,216.56,216.84,216.2,216.3
2023-11-03T11:15:00Z,216.3,216.73,216.3,216.73
2023-11-03T11:30:00Z,216.7,217.44,216.45,217.3
2023-11-03T11:45:00Z,217.3,217.92,217.22,217.89
2023-11-03T12:00:00Z,216.8,219.09,216.2104,218.87
2023-11-03T12:15:00Z,218.85,218.91,218.13,218.34
2023-11-03T12:30:00Z,218.34,222,218.34,221.3884
2023-11-03T12:45:00Z,221.3,222.63,221.23,222.16
2023-11-03T13:00:00Z,222.16,222.2,221.4,221.8933
2023-11-03T13:15:00Z,221.89,222.15,221.09,221.16
2023-11-03T13:30:00Z,221.16,223.25,220.53,223.01
2023-11-03T13:45:00Z,223.0412,226.3701,222.96,225.03
2023-11-03T14:00:00Z,225.1,225.78,223.3,223.47
2023-11-03T14:15:00Z,223.44,224.47,221.54,222.62
2023-11-03T14:30:00Z,222.5935,222.82,221.2,221.7553
2023-11-03T14:45:00Z,221.77,223.02,220.9,221.81
2023-11-03T15:00:00Z,221.82,221.82,219.91,220.18
2023-11-03T15:15:00Z,220.2,220.82,219.77,219.99
2023-11-03T15:30:00Z,220.03,221.66,220.0031,220.457
2023-11-03T15:45:00Z,220.44,220.599,218.94,219.05
2023-11-03T16:00:00Z,219.05,220.61,218.5,220.51
2023-11-03T16:15:00Z,220.5485,221.38,220.14,220.96
2023-11-03T16:30:00Z,220.9699,221.36,220.13,220.4497
2023-11-03T16:45:00Z,220.44,220.4898,219.56,219.7307
2023-11-03T17:00:00Z,219.71,220.3,219.31,219.46
2023-11-03T17:15:00Z,219.44,220.03,218.92,219.3332
2023-11-03T17:30:00Z,219.34,219.7,218.82,218.99
2023-11-03T17:45:00Z,218.97,219.59,218.4,219.4172
2023-11-03T18:00:00Z,219.41,219.79,218.8131,219.337
2023-11-03T18:15:00Z,219.32,220.24,219.1101,220.1775
2023-11-03T18:30:00Z,220.18,220.82,219.83,220.4239
2023-11-03T18:45:00Z,220.4255,220.53,219.57,219.74
2023-11-03T19:00:00Z,219.7508,220.0537,218.9201,219.4
2023-11-03T19:15:00Z,219.41,219.46,219.08,219.4007
2023-11-03T19:30:00Z,219.4,219.47,218.65,218.9915
2023-11-03T19:45:00Z,219,220.1699,218.85,219.95
2023-11-03T20:00:00Z,219.92,220.05,219.63,219.73
2023-11-03T20:15:00Z,219.75,219.96,218.95,218.97
2023-11-03T20:30:00Z,218.91,219.64,218.91,219.43
2023-11-03T20:45:00Z,219.5,219.8,219.43,219.6
2023-11-03T21:00:00Z,219.64,220.28,219.64,220.22
2023-11-03T21:15:00Z,220.22,220.27,219.91,219.96
2023-11-03T21:30:00Z,219.99,220.47,219.96,220.39
2023-11-03T21:45:00Z,220.35,220.35,220,220.04
2023-11-03T22:00:00Z,220.07,220.4,219.9,220.36
2023-11-03T22:15:00Z,220.37,220.37,220.02,220.13
2023-11-03T22:30:00Z,220.07,220.2,220.02,220.0979
2023-11-03T22:45:00Z,220.1,220.15,219.95,220.05
2023-11-03T23:00:00Z,220.07,220.11,219.74,219.96
2023-11-03T23:15:00Z,219.97,219.99,219.8,219.88
2023-11-03T23:30:00Z,219.9,220.13,219.88,220.04
2023-11-03T23:45:00Z,220.06,220.19,219.9,220.02
2023-11-06T09:00:00Z,226.05,226.99,222.52,225.94
2023-11-06T09:15:00Z,225.96,225.96,225.12,225.94
2023-11-06T09:30:00Z,225.8,226.67,225.48,226.67
2023-11-06T09:45:00Z,226.6,226.6,225.84,226
2023-11-06T10:00:00Z,226.03,226.6,225.99,225.99
2023-11-06T10:15:00Z,225.99,226.1,225.7,225.7
2023-11-06T10:30:00Z,225.8,225.99,225.36,225.36
2023-11-06T10:45:00Z,225.4,225.45,224.5,224.5
2023-11-06T11:00:00Z,224.46,224.59,223.77,224.35
2023-11-06T11:15:00Z,224.35,224.35,223.9,224.2
2023-11-06T11:30:00Z,224.25,224.59,224.25,224.59
2023-11-06T11:45:00Z,224.6,224.6,224.27,224.3
2023-11-06T12:00:00Z,224.26,224.46,223.86,224.19
2023-11-06T12:15:00Z,224.2,224.28,223.1,223.45
2023-11-06T12:30:00Z,223.49,224.15,223.4,223.44
2023-11-06T12:45:00Z,223.44,223.7,223.21,223.5
2023-11-06T13:00:00Z,224.31,226.8233,221.82,223.66
2023-11-06T13:15:00Z,223.62,223.7,223.32,223.45
2023-11-06T13:30:00Z,223.49,223.85,223.18,223.75
2023-11-06T13:45:00Z,223.75,223.86,222.79,222.91
2023-11-06T14:00:00Z,222.9868,223.59,222.75,223.27
2023-11-06T14:15:00Z,223.28,224.2,222.86,223.97
2023-11-06T14:30:00Z,223.98,226.32,222.43,222.44
2023-11-06T14:45:00Z,222.415,222.8,220.07,220.7926
2023-11-06T15:00:00Z,220.84,221.64,219.0502,219.07
2023-11-06T15:15:00Z,219.09,221.17,219.05,221.12
2023-11-06T15:30:00Z,221.16,222.05,220.79,221.37
2023-11-06T15:45:00Z,221.376,221.39,219.66,219.7112
2023-11-06T16:00:00Z,219.68,221.09,219.28,220.603
2023-11-06T16:15:00Z,220.6,221.21,220.03,220.47
2023-11-06T16:30:00Z,220.49,220.75,219.31,219.52
2023-11-06T16:45:00Z,219.5204,219.84,218.62,219.3801
2023-11-06T17:00:00Z,219.4,219.6,218.22,218.6271
2023-11-06T17:15:00Z,218.6564,218.82,216.84,217.57
2023-11-06T17:30:00Z,217.59,217.718,216.75,217.3253
2023-11-06T17:45:00Z,217.33,217.4457,216.31,217.3957
2023-11-06T18:00:00Z,217.41,217.5973,215.93,216.05
2023-11-06T18:15:00Z,216.06,216.47,215,215.81
2023-11-06T18:30:00Z,215.8299,216.63,215.47,216.26
2023-11-06T18:45:00Z,216.28,216.4395,215.1,215.6328
2023-11-06T19:00:00Z,215.64,215.82,215.01,215.7101
2023-11-06T19:15:00Z,215.72,217.24,215.65,217.225
2023-11-06T19:30:00Z,217.22,218.38,216.9,218.2
2023-11-06T19:45:00Z,218.2021,218.55,217.63,217.985
2023-11-06T20:00:00Z,217.97,218.75,217.54,218.5105
2023-11-06T20:15:00Z,218.5299,219.42,218.45,219.3
2023-11-06T20:30:00Z,219.31,219.7659,218.77,218.859
2023-11-06T20:45:00Z,218.83,219.38,218.7,219.3
2023-11-06T21:00:00Z,219.33,219.33,218.29,218.95
2023-11-06T21:15:00Z,218.94,219.27,218.62,218.69
2023-11-06T21:30:00Z,218.69,218.97,218.69,218.97
2023-11-06T21:45:00Z,218.95,219,218.62,218.71
2023-11-06T22:00:00Z,218.7,218.79,218.48,218.68
2023-11-06T22:15:00Z,218.66,218.75,218.46,218.5
2023-11-06T22:30:00Z,218.5073,218.57,218.1,218.4464
2023-11-06T22:45:00Z,218.44,218.48,218.15,218.2197
2023-11-06T23:00:00Z,218.21,218.49,218.04,218.13
2023-11-06T23:15:00Z,218.15,218.34,218.15,218.25
2023-11-06T23:30:00Z,218.3,218.32,218.11,218.15
2023-11-06T23:45:00Z,218.19,218.47,218.12,218.39
2023-11-07T00:00:00Z,218.31,218.39,218.06,218.06
2023-11-07T00:15:00Z,218.15,218.2,217.8,217.9995
2023-11-07T00:30:00Z,218,218,217.5,217.65
2023-11-07T00:45:00Z,217.73,217.85,217.55,217.7
2023-11-07T09:00:00Z,218.94,218.94,217.5,217.5
2023-11-07T09:15:00Z,217.41,217.41,216.58,217.25
2023-11-07T09:30:00Z,217.3,217.63,217.17,217.19
2023-11-07T09:45:00Z,217.2,217.37,217.2,217.37
2023-11-07T10:00:00Z,217.3,217.3,217.01,217.01
2023-11-07T10:15:00Z,217.03,217.4,216.71,217.32
2023-11-07T10:30:00Z,217.38,217.59,217.14,217.59
2023-11-07T10:45:00Z,217.46,217.46,217.4,217.43
2023-11-07T11:00:00Z,217.43,217.6,217.39,217.4
2023-11-07T11:15:00Z,217.41,217.56,217.36,217.36
2023-11-07T11:30:00Z,217.25,217.25,216.83,216.9
2023-11-07T11:45:00Z,216.91,217.4,216.89,217.3
2023-11-07T12:00:00Z,217.13,217.89,217.13,217.89
2023-11-07T12:15:00Z,217.91,218.49,217.91,218.07
2023-11-07T12:30:00Z,218.06,218.26,217.35,217.6
2023-11-07T12:45:00Z,217.72,217.77,217.44,217.75
2023-11-07T13:00:00Z,217.2,219.74,216.9798,217.99
2023-11-07T13:15:00Z,217.97,218.2,217.86,217.97
2023-11-07T13:30:00Z,217.96,218.55,217.92,218.55
2023-11-07T13:45:00Z,218.58,219.1383,218.4,219.03
2023-11-07T14:00:00Z,219.03,219.11,218.75,219.06
2023-11-07T14:15:00Z,219.08,220,219.05,220
2023-11-07T14:30:00Z,219.96,220.9598,216.9006,217.0735
2023-11-07T14:45:00Z,217.08,218.09,215.91,217.345
2023-11-07T15:00:00Z,217.353,217.64,215.8,216.4895
2023-11-07T15:15:00Z,216.4831,217.52,215.72,217.1552
2023-11-07T15:30:00Z,217.14,217.6,216.61,217.04
2023-11-07T15:45:00Z,217.0899,217.94,216.5,216.8
2023-11-07T16:00:00Z,216.81,218.6,216.36,217.79
2023-11-07T16:15:00Z,217.77,218.8299,217.58,218.66
2023-11-07T16:30:00Z,218.67,219.72,218.34,218.9801
2023-11-07T16:45:00Z,219,219.13,217.72,217.81
2023-11-07T17:00:00Z,217.84,218.2,216.9791,217.4
2023-11-07T17:15:00Z,217.39,218.26,217.07,218.06
2023-11-07T17:30:00Z,218.06,218.55,217.3,218.45
2023-11-07T17:45:00Z,218.4471,218.7399,217.67,218.5
2023-11-07T18:00:00Z,218.52,219.63,218.36,219.2521
2023-11-07T18:15:00Z,219.28,220.19,219.04,219.2375
2023-11-07T18:30:00Z,219.2652,220.72,219.22,219.8733
2023-11-07T18:45:00Z,219.86,221.25,219.8,220.71
2023-11-07T19:00:00Z,220.7,221.55,220.62,221.2907
2023-11-07T19:15:00Z,221.29,222,221.27,221.97
2023-11-07T19:30:00Z,221.9873,222.15,220.8701,221
2023-11-07T19:45:00Z,221,221.36,220.54,220.8
2023-11-07T20:00:00Z,220.8,221.5791,220.6,221.54
2023-11-07T20:15:00Z,221.545,222.75,221.2801,222.6689
2023-11-07T20:30:00Z,222.65,222.94,222.18,222.4136
2023-11-07T20:45:00Z,222.4,223.12,221.76,222.27
2023-11-07T21:00:00Z,222.27,222.27,221.64,222.01
2023-11-07T21:15:00Z,222.01,222.18,221.8,221.8
2023-11-07T21:30:00Z,221.8,221.83,221.56,221.59
2023-11-07T21:45:00Z,221.5329,221.8,221.36,221.76
2023-11-07T22:00:00Z,221.7,221.84,221.56,221.7908
2023-11-07T22:15:00Z,221.85,221.88,221.68,221.75
2023-11-07T22:30:00Z,221.76,221.89,221.6801,221.84
2023-11-07T22:45:00Z,221.84,222.1,221.78,222
2023-11-07T23:00:00Z,222,222.09,221.8,221.86
2023-11-07T23:15:00Z,221.91,221.99,221.65,221.65
2023-11-07T23:30:00Z,221.65,221.75,221.5,221.66
2023-11-07T23:45:00Z,221.7,221.8748,221.66,221.6899
2023-11-08T00:00:00Z,221.6898,221.8,221.56,221.78
2023-11-08T00:15:00Z,221.73,221.96,221.67,221.93
2023-11-08T00:30:00Z,221.9,221.98,221.8,221.8
2023-11-08T00:45:00Z,221.82,222.1,221.81,222.03
2023-11-08T09:00:00Z,221.67,221.79,221.22,221.35
2023-11-08T09:15:00Z,221.25,221.34,220.91,221.28
2023-11-08T09:30:00Z,221.04,221.36,221,221.35
2023-11-08T09:45:00Z,221.31,221.84,221.31,221.8
2023-11-08T10:00:00Z,221.71,221.76,221.6,221.6
2023-11-08T10:15:00Z,221.55,221.64,221.3,221.49
2023-11-08T10:30:00Z,221.36,221.59,221.21,221.59
2023-11-08T10:45:00Z,221.59,221.99,221.59,221.77
2023-11-08T11:00:00Z,221.83,221.88,221.75,221.75
2023-11-08T11:15:00Z,221.79,222.08,221.75,222.06
2023-11-08T11:30:00Z,222.05,222.49,222.05,222.28
2023-11-08T11:45:00Z,222.24,222.76,222.22,222.58
2023-11-08T12:00:00Z,222.46,223.1,222.32,222.95
2023-11-08T12:15:00Z,222.98,223.4,222.65,223.1
2023-11-08T12:30:00Z,223.08,223.14,222.65,222.8
2023-11-08T12:45:00Z,222.81,222.9,222.67,222.73
2023-11-08T13:00:00Z,222.83,223.44,221.01,222.73
2023-11-08T13:15:00Z,222.67,222.7,222.1,222.18
2023-11-08T13:30:00Z,222.17,222.34,221.85,222.2
2023-11-08T13:45:00Z,222.19,222.3292,222.05,222.2
2023-11-08T14:00:00Z,222.22,223.15,222.15,223.02
2023-11-08T14:15:00Z,223.01,223.45,222.93,223.15
2023-11-08T14:30:00Z,223.15,224.15,219.92,220.57
2023-11-08T14:45:00Z,220.57,221.55,219.62,219.946
2023-11-08T15:00:00Z,219.9799,220.3399,218.74,219.9575
2023-11-08T15:15:00Z,219.94,219.9799,217.86,218.26
2023-11-08T15:30:00Z,218.2899,219.89,218,219.6699
2023-11-08T15:45:00Z,219.6593,219.98,218.83,219.615
2023-11-08T16:00:00Z,219.65,220.54,219.21,220.2096
2023-11-08T16:15:00Z,220.16,220.66,219.75,220.4603
2023-11-08T16:30:00Z,220.45,221.2375,220.2618,220.8655
2023-11-08T16:45:00Z,220.8996,221.07,219.35,219.47
2023-11-08T17:00:00Z,219.4792,219.57,218.11,218.4057
2023-11-08T17:15:00Z,218.38,218.86,218.05,218.38
2023-11-08T17:30:00Z,218.41,219.05,217.64,218.75
2023-11-08T17:45:00Z,218.7699,218.96,218.59,218.81
2023-11-08T18:00:00Z,218.8383,219.86,218.63,219.78
2023-11-08T18:15:00Z,219.79,220.15,219.16,219.99
2023-11-08T18:30:00Z,220,220.85,219.88,220.7698
2023-11-08T18:45:00Z,220.755,220.93,220.3,220.68
2023-11-08T19:00:00Z,220.679,221.46,220.57,220.92
2023-11-08T19:15:00Z,220.915,221.1,220.5448,220.9598
2023-11-08T19:30:00Z,220.96,221.42,220.28,220.86
2023-11-08T19:45:00Z,220.85,221.09,220.4,220.7821
2023-11-08T20:00:00Z,220.7801,221.67,220.7702,221.6007
2023-11-08T20:15:00Z,221.5929,222.09,221.4344,221.94
2023-11-08T20:30:00Z,221.921,222.7974,221.46,222.5109
2023-11-08T20:45:00Z,222.52,222.95,222,222.1
2023-11-08T21:00:00Z,222.14,222.1992,221.7,221.7
2023-11-08T21:15:00Z,222.11,222.11,221.65,221.8
2023-11-08T21:30:00Z,221.72,221.75,221.2,221.3
2023-11-08T21:45:00Z,221.25,221.28,220.54,220.9511
2023-11-08T22:00:00Z,220.8,221,220.6,220.9
2023-11-08T22:15:00Z,220.94,221.13,220.8,221.0992
2023-11-08T22:30:00Z,221.1,221.1,220.83,220.95
2023-11-08T22:45:00Z,220.88,221.07,220.88,221.07
2023-11-08T23:00:00Z,221.03,221.03,220.6,220.84
2023-11-08T23:15:00Z,220.89,220.89,220.76,220.84
2023-11-08T23:30:00Z,220.84,220.9465,220.826,220.85
2023-11-08T23:45:00Z,220.9,221.04,220.76,220.9
2023-11-09T00:00:00Z,220.95,220.95,220.86,220.86
2023-11-09T00:15:00Z,220.85,220.85,220.65,220.79
2023-11-09T00:30:00Z,220.8,220.8,220.68,220.75
2023-11-09T00:45:00Z,220.71,220.89,220.5,220.89
2023-11-09T09:00:00Z,220.6,221.11,219.88,220.16
2023-11-09T09:15:00Z,220.05,220.7,220.05,220.5
2023-11-09T09:30:00Z,220.45,220.53,220.29,220.34
2023-11-09T09:45:00Z,220.3,220.57,220.29,220.55
2023-11-09T10:00:00Z,220.51,220.77,220.47,220.69
2023-11-09T10:15:00Z,220.74,220.84,220.52,220.52
2023-11-09T10:30:00Z,220.85,220.89,220.35,220.6
2023-11-09T10:45:00Z,220.61,220.61,220.4,220.4
2023-11-09T11:00:00Z,220.45,220.45,220.03,220.04
2023-11-09T11:15:00Z,220.12,220.12,219.9,219.94
2023-11-09T11:30:00Z,219.94,219.94,219.29,219.6
2023-11-09T11:45:00Z,219.65,219.75,219.46,219.7
2023-11-09T12:00:00Z,219.77,220.37,219.71,220.13
2023-11-09T12:15:00Z,220.14,220.14,219.63,219.69
2023-11-09T12:30:00Z,219.7,219.98,219.7,219.75
2023-11-09T12:45:00Z,219.76,219.85,219.33,219.4
2023-11-09T13:00:00Z,220.2,221.45,219.33,220.05
2023-11-09T13:15:00Z,220.05,220.28,219.9,220.15
2023-11-09T13:30:00Z,220.15,220.15,219.5,219.5
2023-11-09T13:45:00Z,219.53,219.95,219.39,219.94
2023-11-09T14:00:00Z,219.93,220.0197,219.65,219.95
2023-11-09T14:15:00Z,219.99,220.27,219.52,219.69
2023-11-09T14:30:00Z,219.75,220.8,216.57,217.1425
2023-11-09T14:45:00Z,217.16,217.46,215.9,216.9943
2023-11-09T15:00:00Z,216.98,217.3499,214.2301,214.71
2023-11-09T15:15:00Z,214.73,215.4734,213.5201,213.9801
2023-11-09T15:30:00Z,213.98,214.88,213.33,214.82
2023-11-09T15:45:00Z,214.81,215.17,213.53,214.02
2023-11-09T16:00:00Z,214.0001,215.3,213.97,214.6301
2023-11-09T16:15:00Z,214.63,214.7299,213.13,213.325
2023-11-09T16:30:00Z,213.34,213.4992,212.22,212.32
2023-11-09T16:45:00Z,212.357,213.16,211.82,212.21
2023-11-09T17:00:00Z,212.24,212.26,210.21,210.455
2023-11-09T17:15:00Z,210.41,210.6899,209.15,209.6363
2023-11-09T17:30:00Z,209.605,209.9399,208.9609,209.5499
2023-11-09T17:45:00Z,209.5452,210.41,209.22,209.76
2023-11-09T18:00:00Z,209.745,209.87,207.02,208.77
2023-11-09T18:15:00Z,208.715,209.31,208.01,209.105
2023-11-09T18:30:00Z,209.09,210.49,208.72,209.22
2023-11-09T18:45:00Z,209.2048,209.92,208.3,208.82
2023-11-09T19:00:00Z,208.805,208.84,207.16,208.04
2023-11-09T19:15:00Z,208.05,209.48,207.51,209
2023-11-09T19:30:00Z,208.9701,209.535,207.51,207.77
2023-11-09T19:45:00Z,207.8,208.6299,207.43,207.46
2023-11-09T20:00:00Z,207.45,208.5336,206.68,208.4
2023-11-09T20:15:00Z,208.41,209.08,207.84,208.1301
2023-11-09T20:30:00Z,208.165,209.74,208.11,209.1975
2023-11-09T20:45:00Z,209.2,210.5399,209.12,209.94
2023-11-09T21:00:00Z,209.96,210.2,209,209.39
2023-11-09T21:15:00Z,209.45,209.98,209.11,209.3039
2023-11-09T21:30:00Z,209.48,209.98,209.22,209.36
2023-11-09T21:45:00Z,209.3926,209.98,208.88,209.09
2023-11-09T22:00:00Z,209.04,209.1094,208.4,208.91
2023-11-09T22:15:00Z,208.92,208.92,208.43,208.47
2023-11-09T22:30:00Z,208.43,208.7,208.4,208.68
2023-11-09T22:45:00Z,208.6107,208.74,208.51,208.6
2023-11-09T23:00:00Z,208.52,208.6301,208.5,208.51
2023-11-09T23:15:00Z,208.57,208.62,208.45,208.52
2023-11-09T23:30:00Z,208.62,208.62,208.2,208.35
2023-11-09T23:45:00Z,208.31,208.5,208,208.35
2023-11-10T00:00:00Z,208.34,208.43,208.12,208.25
2023-11-10T00:15:00Z,208.21,208.43,208.2,208.39
2023-11-10T00:30:00Z,208.36,208.36,208,208.19
2023-11-10T00:45:00Z,208.28,208.46,208.16,208.27
2023-11-10T09:00:00Z,209.68,209.68,207.82,207.86
2023-11-10T09:15:00Z,207.82,207.96,205.69,205.83
2023-11-10T09:30:00Z,205.74,206.47,205.16,206.47
2023-11-10T09:45:00Z,206.47,206.9,206.38,206.86
2023-11-10T10:00:00Z,206.77,206.9,206.36,206.9
2023-11-10T10:15:00Z,206.84,206.97,206.68,206.86
2023-11-10T10:30:00Z,206.93,207.17,206.9,207.1
2023-11-10T10:45:00Z,207.1,207.46,207.1,207.45
2023-11-10T11:00:00Z,207.4,207.4,206.67,206.67
2023-11-10T11:15:00Z,206.62,207.15,206.62,206.9
2023-11-10T11:30:00Z,206.83,206.85,205.83,206.1
2023-11-10T11:45:00Z,206.22,206.73,206.22,206.73
2023-11-10T12:00:00Z,206.72,208.4,206.65,208.4
2023-11-10T12:15:00Z,208.35,208.4,207.7,208.08
2023-11-10T12:30:00Z,208.2,208.92,208.17,208.87
2023-11-10T12:45:00Z,208.89,209.9,208.85,209.6
2023-11-10T13:00:00Z,206.9,210.9,205.6589,209.2505
2023-11-10T13:15:00Z,209.25,209.33,208.5,208.87
2023-11-10T13:30:00Z,208.9409,209.5008,208.5207,209.5008
2023-11-10T13:45:00Z,209.5,210.49,209.45,210.1309
2023-11-10T14:00:00Z,210.1,210.2,209.4,210.19
2023-11-10T14:15:00Z,210.11,210.34,209.73,210.03
2023-11-10T14:30:00Z,210.03,212.99,208.28,212.73
2023-11-10T14:45:00Z,212.76,213.68,211.8153,212.2699
2023-11-10T15:00:00Z,212.23,212.31,209.2811,209.98
2023-11-10T15:15:00Z,209.94,210.15,205.69,207.0617
2023-11-10T15:30:00Z,207.08,208,206.64,207.55
2023-11-10T15:45:00Z,207.5536,209.55,207.28,209.1686
2023-11-10T16:00:00Z,209.18,210.45,208.16,210.29
2023-11-10T16:15:00Z,210.27,211.24,210.19,210.43
2023-11-10T16:30:00Z,210.42,210.75,209.28,210.715
2023-11-10T16:45:00Z,210.7299,212.33,210.65,212.245
2023-11-10T17:00:00Z,212.25,213.18,211.75,212.81
2023-11-10T17:15:00Z,212.8203,212.96,211.91,212.65
2023-11-10T17:30:00Z,212.63,213.33,212.01,212.385
2023-11-10T17:45:00Z,212.37,213,212.12,212.73
2023-11-10T18:00:00Z,212.73,213.13,212.27,212.4999
2023-11-10T18:15:00Z,212.4538,213.46,211.92,213.23
2023-11-10T18:30:00Z,213.22,215.05,213.22,214.69
2023-11-10T18:45:00Z,214.719,215.2,214.12,214.6601
2023-11-10T19:00:00Z,214.68,214.8,214,214.7199
2023-11-10T19:15:00Z,214.7,215.38,214.57,214.81
2023-11-10T19:30:00Z,214.81,215.16,214.18,214.9311
2023-11-10T19:45:00Z,214.93,215.35,214.6009,214.945
2023-11-10T20:00:00Z,214.95,215.03,213.62,214.1922
2023-11-10T20:15:00Z,214.19,215.08,213.97,214.86
2023-11-10T20:30:00Z,214.8501,215.0289,214.05,214.2701
2023-11-10T20:45:00Z,214.29,214.921,213.98,214.69
2023-11-10T21:00:00Z,214.67,214.7287,214.15,214.65
2023-11-10T21:15:00Z,214.59,214.65,214.25,214.36
2023-11-10T21:30:00Z,214.45,214.45,213.89,213.95
2023-11-10T21:45:00Z,213.98,214.2287,213.8,214
2023-11-10T22:00:00Z,213.99,214.16,213.85,214.06
2023-11-10T22:15:00Z,214,214.1,213.86,213.88
2023-11-10T22:30:00Z,213.8734,214,213.77,213.86
2023-11-10T22:45:00Z,213.8499,214.07,213.75,213.91
2023-11-10T23:00:00Z,213.93,213.93,213.6,213.7776
2023-11-10T23:15:00Z,213.75,213.91,213.66,213.88
2023-11-10T23:30:00Z,213.9475,213.99,213.79,213.96
2023-11-10T23:45:00Z,213.99,214.35,213.99,214.27
2023-11-11T00:00:00Z,214.25,214.27,214.05,214.15
2023-11-11T00:15:00Z,214.1702,214.27,214.15,214.18
2023-11-11T00:30:00Z,214.21,214.74,214.21,214.7
2023-11-11T00:45:00Z,214.7,214.74,214.31,214.45
2023-11-13T09:00:00Z,213.88,214.65,213.25,213.91
2023-11-13T09:15:00Z,213.91,215.99,213.9,215.46
2023-11-13T09:30:00Z,215.46,215.58,214.52,214.98
2023-11-13T09:45:00Z,215.17,215.47,214.88,215.1
2023-11-13T10:00:00Z,215,215.15,214.25,214.9
2023-11-13T10:15:00Z,214.77,214.99,214.7,214.99
2023-11-13T10:30:00Z,215.1,215.49,215.1,215.3
2023-11-13T10:45:00Z,215.28,215.61,215.28,215.6
2023-11-13T11:00:00Z,215.55,215.55,215.35,215.37
2023-11-13T11:15:00Z,215.38,215.4,215.08,215.08
2023-11-13T11:30:00Z,215.15,215.2,214.88,215.2
2023-11-13T11:45:00Z,215.2,215.77,215.2,215.49
2023-11-13T12:00:00Z,215.43,216.69,215.41,216
2023-11-13T12:15:00Z,215.96,216.15,215.8,216
2023-11-13T12:30:00Z,215.96,216.5,215.82,216.48
2023-11-13T12:45:00Z,216.5,216.65,216.15,216.28
2023-11-13T13:00:00Z,215.5,216.7031,212.6,216.59
2023-11-13T13:15:00Z,216.51,217.78,216.5,217.45
2023-11-13T13:30:00Z,217.45,218,216.3,216.45
2023-11-13T13:45:00Z,216.49,216.75,216.05,216.33
2023-11-13T14:00:00Z,216.33,216.76,216.23,216.5386
2023-11-13T14:15:00Z,216.51,216.51,215.55,215.57
2023-11-13T14:30:00Z,215.55,217.44,211.6101,211.875
2023-11-13T14:45:00Z,211.89,216.8198,211.88,216.06
2023-11-13T15:00:00Z,216.01,218.43,215.51,218.29
2023-11-13T15:15:00Z,218.3,220.42,217.82,219.985
2023-11-13T15:30:00Z,219.97,220.79,219.37,220.36
2023-11-13T15:45:00Z,220.4,222.11,220.16,221.235
2023-11-13T16:00:00Z,221.24,223.34,221.14,223.17
2023-11-13T16:15:00Z,223.1501,223.92,222.6,223.53
2023-11-13T16:30:00Z,223.55,225.15,223.13,224.7606
2023-11-13T16:45:00Z,224.7601,225.4,224.05,224.2155
2023-11-13T17:00:00Z,224.2255,224.4,222.71,223.778
2023-11-13T17:15:00Z,223.75,224.68,223.31,224.1012
2023-11-13T17:30:00Z,224.1399,224.33,222.51,222.6138
2023-11-13T17:45:00Z,222.58,222.6273,221.722,222.48
2023-11-13T18:00:00Z,222.46,222.95,221.57,222.75
2023-11-13T18:15:00Z,222.71,223.17,221.77,222.1213
2023-11-13T18:30:00Z,222.12,222.9899,221.77,222.74
2023-11-13T18:45:00Z,222.75,223.9,222.7434,223.3599
2023-11-13T19:00:00Z,223.29,224.46,223.29,224.08
2023-11-13T19:15:00Z,224.077,224.89,223.93,224.86
2023-11-13T19:30:00Z,224.88,224.98,224.23,224.4899
2023-11-13T19:45:00Z,224.49,224.69,223.34,223.62
2023-11-13T20:00:00Z,223.635,223.6399,222.86,223.42
2023-11-13T20:15:00Z,223.4025,224.3599,223,224.0011
2023-11-13T20:30:00Z,224.02,224.19,223.48,223.645
2023-11-13T20:45:00Z,223.65,224.53,223.49,223.705
2023-11-13T21:00:00Z,223.7,224.39,223.2,223.65
2023-11-13T21:15:00Z,223.66,224.08,223.66,224
2023-11-13T21:30:00Z,224.01,224.14,223.55,223.57
2023-11-13T21:45:00Z,223.61,223.73,223.5,223.73
2023-11-13T22:00:00Z,223.7,223.83,223.6199,223.77
2023-11-13T22:15:00Z,223.8,224.1,223.78,223.87
2023-11-13T22:30:00Z,223.82,223.95,223.7,223.94
2023-11-13T22:45:00Z,223.92,224.1984,223.85,224.19
2023-11-13T23:00:00Z,224.19,224.31,224.03,224.3
2023-11-13T23:15:00Z,224.3,224.65,224.25,224.62
2023-11-13T23:30:00Z,224.65,224.84,224.51,224.69
2023-11-13T23:45:00Z,224.7,224.89,224.6,224.8602
2023-11-14T00:00:00Z,224.86,225.4,224.86,225.37
2023-11-14T00:15:00Z,225.38,225.5,225.3,225.4
2023-11-14T00:30:00Z,225.44,225.97,225.43,225.8903
2023-11-14T00:45:00Z,225.89,226.28,225.65,226.28
2023-11-14T09:00:00Z,226.74,228.28,226.58,228.09
2023-11-14T09:15:00Z,228.09,228.22,227.66,227.79
2023-11-14T09:30:00Z,227.9,227.9,227.24,227.24
2023-11-14T09:45:00Z,227.35,227.86,227.28,227.86
2023-11-14T10:00:00Z,227.89,227.89,227.58,227.78
2023-11-14T10:15:00Z,227.77,227.77,227.4,227.59
2023-11-14T10:30:00Z,227.54,227.62,227.01,227.03
2023-11-14T10:45:00Z,227.03,227.05,226.72,226.94
2023-11-14T11:00:00Z,226.94,227.04,226.38,226.61
2023-11-14T11:15:00Z,226.64,226.77,226.64,226.73
2023-11-14T11:30:00Z,226.75,227.24,226.71,227.24
2023-11-14T11:45:00Z,227.14,227.14,226.9,227.1
2023-11-14T12:00:00Z,227.1,228.63,227,228.6
2023-11-14T12:15:00Z,228.6,228.71,227.75,227.85
2023-11-14T12:30:00Z,227.94,227.94,227.48,227.55
2023-11-14T12:45:00Z,227.49,228.05,227.31,228.05
2023-11-14T13:00:00Z,227.5,228.68,226.61,227.45
2023-11-14T13:15:00Z,227.44,227.9,227.4,227.76
2023-11-14T13:30:00Z,227.61,233.36,227.15,232.57
2023-11-14T13:45:00Z,232.57,236.48,232.35,236.26
2023-11-14T14:00:00Z,236.25,236.37,234.61,235.65
2023-11-14T14:15:00Z,235.67,236.3,234.75,235.03
2023-11-14T14:30:00Z,235.03,235.5,231.35,235.0812
2023-11-14T14:45:00Z,235.11,235.59,232.38,233.825
2023-11-14T15:00:00Z,233.8,234.34,231.52,232.8
2023-11-14T15:15:00Z,232.785,233.15,230.72,232.79
2023-11-14T15:30:00Z,232.8,234.09,232.38,233.925
2023-11-14T15:45:00Z,233.9495,234.32,232.37,232.86
2023-11-14T16:00:00Z,232.88,234.84,232.81,234.73
2023-11-14T16:15:00Z,234.72,235.2635,233.77,233.99
2023-11-14T16:30:00Z,233.9601,235.95,233.51,235.71
2023-11-14T16:45:00Z,235.72,235.77,233.59,233.96
2023-11-14T17:00:00Z,233.969,234.43,233.1,233.5906
2023-11-14T17:15:00Z,233.64,234.7678,233.24,234.0492
2023-11-14T17:30:00Z,234.05,235.26,234.0401,234.95
2023-11-14T17:45:00Z,234.95,235.71,234.57,235.54
2023-11-14T18:00:00Z,235.5589,235.8,235.03,235.3
2023-11-14T18:15:00Z,235.3,236.364,235.12,236.105
2023-11-14T18:30:00Z,236.0925,236.57,235.52,235.7001
2023-11-14T18:45:00Z,235.715,235.76,234.91,235.1801
2023-11-14T19:00:00Z,235.19,235.2,234.06,234.91
2023-11-14T19:15:00Z,234.9013,236.1199,234.86,236.085
2023-11-14T19:30:00Z,236.0752,236.3706,235.86,236.3706
2023-11-14T19:45:00Z,236.38,237.08,236.22,236.855
2023-11-14T20:00:00Z,236.846,237.33,236.51,237.2599
2023-11-14T20:15:00Z,237.242,237.98,237.231,237.87
2023-11-14T20:30:00Z,237.8799,238.02,237.33,237.52
2023-11-14T20:45:00Z,237.511,238.135,236.72,237.4
2023-11-14T21:00:00Z,237.4,237.77,237.285,237.61
2023-11-14T21:15:00Z,237.6,238.75,237.41,238.68
2023-11-14T21:30:00Z,238.77,238.86,238.05,238.15
2023-11-14T21:45:00Z,238.15,238.25,237.8198,237.851
2023-11-14T22:00:00Z,237.8508,238.28,237.85,238.24
2023-11-14T22:15:00Z,238.24,238.28,238.13,238.13
2023-11-14T22:30:00Z,238.14,238.16,238,238.12
2023-11-14T22:45:00Z,238.1,238.45,238.02,238.4
2023-11-14T23:00:00Z,238.39,238.71,238.38,238.675
2023-11-14T23:15:00Z,238.6868,239.38,238.65,239.38
2023-11-14T23:30:00Z,239.38,239.87,239.33,239.8
2023-11-14T23:45:00Z,239.84,239.88,239.63,239.85
2023-11-15T00:00:00Z,239.83,240.17,239.75,240.0899
2023-11-15T00:15:00Z,240.06,240.69,240.02,240.59
2023-11-15T00:30:00Z,240.61,240.69,240.1,240.25
2023-11-15T00:45:00Z,240.26,240.47,240.12,240.42
2023-11-15T09:00:00Z,241,241.66,239.01,240.66
2023-11-15T09:15:00Z,240.58,240.59,240.1,240.45
2023-11-15T09:30:00Z,240.4,240.57,240.12,240.12
2023-11-15T09:45:00Z,240.14,240.73,240.14,240.65
2023-11-15T10:00:00Z,240.63,240.95,240.63,240.91
2023-11-15T10:15:00Z,240.88,240.88,240.75,240.8
2023-11-15T10:30:00Z,240.75,241.23,240.75,240.9
2023-11-15T10:45:00Z,240.9,241.1,240.83,240.86
2023-11-15T11:00:00Z,240.85,240.85,240.35,240.59
2023-11-15T11:15:00Z,240.55,240.87,240.55,240.82
2023-11-15T11:30:00Z,240.83,240.93,240.65,240.82
2023-11-15T11:45:00Z,240.88,241.25,240.88,241.2
2023-11-15T12:00:00Z,241.16,242.68,241.15,242.56
2023-11-15T12:15:00Z,242.51,242.85,241.83,242
2023-11-15T12:30:00Z,242,242.39,241.76,241.97
2023-11-15T12:45:00Z,241.96,242.23,241.85,242.23
2023-11-15T13:00:00Z,241.3622,242.88,240.59,242.35
2023-11-15T13:15:00Z,242.35,242.73,242.11,242.71
2023-11-15T13:30:00Z,242.7,243.41,239.47,239.47
2023-11-15T13:45:00Z,239.47,240.29,238.66,239.84
2023-11-15T14:00:00Z,239.84,240.5,239.28,239.29
2023-11-15T14:15:00Z,239.3,239.91,238.7,239.2
2023-11-15T14:30:00Z,239.18,242,236.45,241.5799
2023-11-15T14:45:00Z,241.47,241.94,238.21,240.422
2023-11-15T15:00:00Z,240.425,242.26,240.06,241.33
2023-11-15T15:15:00Z,241.33,243.2,240.92,242.1638
2023-11-15T15:30:00Z,242.17,244.4568,242.11,244.03
2023-11-15T15:45:00Z,244.0885,246.6599,244.03,246.395
2023-11-15T16:00:00Z,246.41,246.7,244.15,244.295
2023-11-15T16:15:00Z,244.3,246.1,244.13,246.0786
2023-11-15T16:30:00Z,246.0799,246.14,242.56,242.99
2023-11-15T16:45:00Z,242.98,243.48,241.81,241.9887
2023-11-15T17:00:00Z,242,243.28,241.62,243.1762
2023-11-15T17:15:00Z,243.17,243.92,242.64,243.88
2023-11-15T17:30:00Z,243.9,244.73,243.52,244.62
2023-11-15T17:45:00Z,244.595,245.17,244.23,244.245
2023-11-15T18:00:00Z,244.25,244.3,240.8,241.0774
2023-11-15T18:15:00Z,241.0627,242.32,240.4503,242.32
2023-11-15T18:30:00Z,242.32,243.24,242.17,243.01
2023-11-15T18:45:00Z,243.004,243.42,242.17,243.3916
2023-11-15T19:00:00Z,243.41,243.75,242.9738,243.51
2023-11-15T19:15:00Z,243.5273,244.1399,242.58,243.925
2023-11-15T19:30:00Z,243.93,244.46,243.51,243.65
2023-11-15T19:45:00Z,243.66,244.11,243.43,243.8899
2023-11-15T20:00:00Z,243.8989,244.28,242.73,243.45
2023-11-15T20:15:00Z,243.44,244.07,243.12,244.02
2023-11-15T20:30:00Z,244.03,244.26,243.67,244.01
2023-11-15T20:45:00Z,243.99,244.2284,242.4881,242.925
2023-11-15T21:00:00Z,242.935,242.94,241.05,241.59
2023-11-15T21:15:00Z,241.59,242.84,241.5,241.95
2023-11-15T21:30:00Z,241.98,242,241.3,241.52
2023-11-15T21:45:00Z,241.53,242.84,241.33,241.81
2023-11-15T22:00:00Z,241.88,242.32,241.75,241.97
2023-11-15T22:15:00Z,242,242.02,241.69,241.82
2023-11-15T22:30:00Z,241.88,241.9,241.33,241.33
2023-11-15T22:45:00Z,241.35,241.86,241.3,241.55
2023-11-15T23:00:00Z,241.6,241.8,241.5,241.6
2023-11-15T23:15:00Z,241.64,241.7499,241.53,241.67
2023-11-15T23:30:00Z,241.6999,242.08,241.6,241.99
2023-11-15T23:45:00Z,241.9,242.3,241.81,242.12
2023-11-16T00:00:00Z,242.18,242.28,241.85,241.85
2023-11-16T00:15:00Z,241.8982,242.19,241.83,241.97
2023-11-16T00:30:00Z,241.99,242.1,241.8,242
2023-11-16T00:45:00Z,241.95,241.95,241.38,241.51
2023-11-16T09:00:00Z,242.12,242.12,240.78,241.32
2023-11-16T09:15:00Z,241.4,241.8,241.31,241.31
2023-11-16T09:30:00Z,241.3,241.69,241.25,241.64
2023-11-16T09:45:00Z,241.6,241.61,241.34,241.34
2023-11-16T10:00:00Z,241.39,241.69,241.29,241.3
2023-11-16T10:15:00Z,241.48,241.65,241.37,241.58
2023-11-16T10:30:00Z,241.56,241.6,241.18,241.19
2023-11-16T10:45:00Z,241.35,241.37,241.04,241.04
2023-11-16T11:00:00Z,241.05,241.05,240.12,240.31
2023-11-16T11:15:00Z,240.31,240.9,240.31,240.83
2023-11-16T11:30:00Z,240.85,240.85,240.56,240.7
2023-11-16T11:45:00Z,240.8,241.19,240.62,241.06
2023-11-16T12:00:00Z,241.06,241.34,239.51,239.51
2023-11-16T12:15:00Z,239.5,240.3,239.29,239.33
2023-11-16T12:30:00Z,239.29,239.77,239,239.2
2023-11-16T12:45:00Z,239.2,239.29,238.4,238.95
2023-11-16T13:00:00Z,240.65,242.5,238.22,238.34
2023-11-16T13:15:00Z,238.3,238.75,238,238.7
2023-11-16T13:30:00Z,238.6931,239.7399,238.65,239.33
2023-11-16T13:45:00Z,239.34,239.98,239.26,239.85
2023-11-16T14:00:00Z,239.96,239.97,238.8167,239.26
2023-11-16T14:15:00Z,239.3,239.6,238.7,239.54
2023-11-16T14:30:00Z,239.53,240.42,237.6,237.935
2023-11-16T14:45:00Z,237.91,240.79,237.87,239.7071
2023-11-16T15:00:00Z,239.74,240.88,237.73,238.29
2023-11-16T15:15:00Z,238.31,238.54,236.01,237.1
2023-11-16T15:30:00Z,237.13,237.6,234.6,235.52
2023-11-16T15:45:00Z,235.51,236.1981,234.3,235.27
2023-11-16T16:00:00Z,235.285,237.09,234.9201,236.8111
2023-11-16T16:15:00Z,236.8,237.24,235.42,235.5799
2023-11-16T16:30:00Z,235.56,236.43,234.5301,235.07
2023-11-16T16:45:00Z,235.0999,236.12,234.96,235.34
2023-11-16T17:00:00Z,235.37,235.83,234.75,235.7301
2023-11-16T17:15:00Z,235.7031,236.38,235.51,235.8
2023-11-16T17:30:00Z,235.8,236.68,234.84,236.4001
2023-11-16T17:45:00Z,236.41,236.75,235.55,236.3391
2023-11-16T18:00:00Z,236.3222,236.38,234.36,234.72
2023-11-16T18:15:00Z,234.73,235.3499,233.53,233.73
2023-11-16T18:30:00Z,233.77,234.32,232.81,233.0682
2023-11-16T18:45:00Z,233.067,233.07,231.42,231.8694
2023-11-16T19:00:00Z,231.85,232.35,230.96,232.1
2023-11-16T19:15:00Z,232.115,232.93,231.66,232.0499
2023-11-16T19:30:00Z,232.035,233.13,231.935,232.9557
2023-11-16T19:45:00Z,232.98,233.45,232.14,232.2699
2023-11-16T20:00:00Z,232.2531,232.47,231.75,231.91
2023-11-16T20:15:00Z,231.93,233.15,231.66,232.71
2023-11-16T20:30:00Z,232.75,233.9,232.2831,233.8296
